{"noiseKey":{"private":{"type":"Buffer","data":"oGY7zxeZnQ0SbCc+VjC4NvQX3/LuP2GhAdbFk2cCNGY="},"public":{"type":"Buffer","data":"GONHrgjrN+fPsGypIlHpAvr1M4LcpVCI+femPZmc6Bg="}},"pairingEphemeralKeyPair":{"private":{"type":"Buffer","data":"ECCISHe//FVX0IjA7GWU52B7HAOpa6f8in21bpxXfE0="},"public":{"type":"Buffer","data":"Zrxov7Xs6fkeUZ/7ad49gNLUgxyfF2w4aDHrQB2pgy0="}},"signedIdentityKey":{"private":{"type":"Buffer","data":"eHKZ/oY38kjTzAf7rgZ03w9U3OQ4zGeFzMNCayAxfVA="},"public":{"type":"Buffer","data":"597wXLQJT/OwXkqtMI314zc36xIRD053k/w1UHdeQXw="}},"signedPreKey":{"keyPair":{"private":{"type":"Buffer","data":"sGe+fU9jcOmHP4mIim8GdieaRsvpTyDYxCPquOqI0EE="},"public":{"type":"Buffer","data":"rYnha3TbvqvQo75zUf0VRXZAc1DW8FJzkn9TH6B1ZAw="}},"signature":{"type":"Buffer","data":"QSpSbo+vt6o+cMqwpHoRNAyiRAtd6mogYlHQd9xknov/Lwsl9VL8hl8LWa8y2XBnkcy+QoueVpMVdrU0c5L3hA=="},"keyId":1},"registrationId":1,"advSecretKey":"Y7xcI+qPAz0zNURXBkbMHA/j/xReBnMXvFGe/inI1JI=","processedHistoryMessages":[{"key":{"remoteJid":"2349167747433@s.whatsapp.net","fromMe":true,"id":"19556BC41CCD4249BAB5271EE0FB6CF2"},"messageTimestamp":1724405505},{"key":{"remoteJid":"2349167747433@s.whatsapp.net","fromMe":true,"id":"FADD0931347EFB5D7C98B338983C663F"},"messageTimestamp":1724405510}],"nextPreKeyId":31,"firstUnuploadedPreKeyId":31,"accountSyncCounter":1,"accountSettings":{"unarchiveChats":false},"deviceId":"YbD7PsVGSdaRlPj3A5C38w","phoneId":"05381822-4c49-499e-a404-c673f0bc85e0","identityId":{"type":"Buffer","data":"mLrnKzRm4NicF6gKtnLRx4HAbiU="},"registered":true,"backupToken":{"type":"Buffer","data":"+IdkGt7XSSY6WpS/nwEnm2yaOJk="},"registration":{},"pairingCode":"2DKH32ZN","me":{"id":"2349167747433:11@s.whatsapp.net","lid":"91929966604478:11@lid","name":"Xhïñhû"},"account":{"details":"CO2DoOICEPmtobYGGAEgACgA","accountSignatureKey":"nghnFaYL5auwhVNi0SdTGMqRVfAzdPfo9yAoJDvSgAg=","accountSignature":"6+04Dsdrp8THA+VrANeZBIdEir9XiGK/eigmdU3HKAGKM8NEpLDvGnkO7YMx8XWqljRo/rA3jAAOKXeD6Ab4Dg==","deviceSignature":"AaFiwdLZ2ABIW8oQcJItieM8b9iYIyP5k/8+tF1BJjMsPShStZn+BLqkpXUoGL60lCgiPGnDMZ/v+J63Cq4/iw=="},"signalIdentities":[{"identifier":{"name":"2349167747433:11@s.whatsapp.net","deviceId":0},"identifierKey":{"type":"Buffer","data":"BZ4IZxWmC+WrsIVTYtEnUxjKkVXwM3T36PcgKCQ70oAI"}}],"platform":"android","lastAccountSyncTimestamp":1724405501,"myAppStateKeyId":"AAAAAAGQ"}
